{"cameraMode":{"drawMode":0,"name":"Shaded","section":"Shading Mode"},"sceneLighting":true,"audioPlay":false,"sceneViewState":{"m_AlwaysRefresh":false,"showFog":true,"showSkybox":true,"showFlares":true,"showImageEffects":true,"showParticleSystems":true,"showVisualEffectGraphs":true,"m_FxEnabled":true},"in2DMode":false,"pivot":{"x":-3.659377336502075,"y":2.044522762298584,"z":22.361257553100587},"rotation":{"x":0.04522892087697983,"y":-0.05392899736762047,"z":0.0024300001095980407,"w":0.9975293874740601},"size":0.10821903496980667,"orthographic":false}